Segment,Customer_Count,Avg_Balance,Avg_RFM,Subscribed,Avg_R,Avg_F,Avg_M,Sub_Rate
Champions,1558,3365.98,4.53,492,4.491014120667522,4.562259306803594,4.544929396662388,31.58
Loyal Customers,7148,2837.22,3.79,884,3.0608561835478456,3.8932568550643536,4.4282316731953,12.37
Potential Loyalists,5206,453.69,3.36,607,3.179600461006531,3.8874375720322702,3.0,11.66
At Risk,1982,1818.14,3.21,328,1.5514631685166498,4.209889001009082,3.855196770938446,16.55
Need Attention,11232,2675.39,2.89,1448,3.0,1.534633190883191,4.14093660968661,12.89
Lost,18085,2.74,2.5,1530,2.959524467790987,3.0342825546032626,1.4999723527785458,8.46
